"oma_clave","oma_nombre"
"05","LIFT"
"06","SMALL SPRAY"
"10_1","GROUP"
"08","HEAT LOT"
"05","LIFT"
"06","SMALLSPRAY"
"08","HEATLOT"
"10_1","GROUP"
"11_1","OUTFIT"
"13_1","RATION"
"14_1","SHOT"
"15_1","STICK,MILITARY"
"16_1","HUNDREDFIFTEENKGDRUM"
"17_1","HUNDREDLBDRUM"
"18_1","FIFTYFIVEGALLON(US)DRUM"
"19_1","TANKTRUCK"
"1A","CARMILE"
"1B","CARCOUNT"
"1C","LOCOMOTIVECOUNT"
"1D","CABOOSECOUNT"
"1E","EMPYCAR"
"1F","TRAINMILE"
"1G","FUELUSAGEGALLON(US)"
"1H","CABOOSEMILE"
"1I","FIXEDRATE"
"1J","TONMILE"
"1K","LOCOMOTIVEMILE"
"1L","TOTALCARCOUNT"
"1M","TOTALCARMILE"
"1X","QUARTERMILE"
"20_1","TWENTYFOOTCONTAINER"
"21_1","FORTYFOOTCONTAINER"
"22","DECILITREPERGRAM"
"23","GRAMPERCUBICCENTIMETRE"
"24","THEORETICALPOUND"
"25","GRAMPERSQUARECENTIMETRE"
"26","ACUALTON"
"27","THEORETICALTON"
"28","KILOGRAMPERSQUAREMETRE"
"29","PUNDPERTHOUSANDSQUAREFEET"
"2A","RADIANPERSECOND"
"2B","RADIANPERSECONDSQUARED"
"2C","ROENTGEN"
"2I","BRITISHTHERMALUNITPERHOUR"
"2J","CUBICCENTIMETREPERSECOND"
"2K","CUBICFOOTPERHOUR"
"2L","CUBICFOOTPERMINUTE"
"2M","CENTIMETREPERSECOND"
"2N","DECIBEL"
"2P","KILOBYTE"
"2Q","KILOBECQUEREL2RKILOCURIE"
"2U","MEGAGRAM"
"2V","MEGAGRAMPERHOUR"
"2W","BIN"
"2X","METREPERMINUTE"
"2Y","MILLIRÖNTGEN"
"2Z","MILLIVOLT"
"30","HORSEPOWERDARPERAIRDRYMETRICTON"
"31","CATCHWEIGHT"
"32","KILOGRAMPERAIRDRYMETRICTON"
"33","KILOPASCALSQUAREMETRESPERGRAM"
"34","KILOPASCALSPERMILLIMETRE"
"35","MILLILITRESPERSQUARECENTIMETRESECOND"
"36","CUBICFEETPERMINUTEPERSQUAREFOOT"
"37","OUNCEPERSQUAREFOOT"
"38","OUNCESPERSQUAREFOOTPER0,01INCH"
"3B","MEGAJOULE"
"3C","MANMONTH"
"3E","PUNDPERPUNDOFPRODUCT"
"3G","POUNDPERPIECEOFPRODUCT"
"3H","KILOGRAMPERKILOGRAMOFPRODUCT"
"3I","KILOGRAMPERPIECEOFPRODUCT"
"40","MILLILITREPERSECOND"
"41","MILLILITREPERMINUTE"
"43","SUPERBULKBAG"
"44","FIVEHUNDREDKGBULKBAG"
"45","THREEHUNDREDKGBULKBAG"
"46","FIFTYLBBULKBAG"
"47","FIFTYLBBAG"
"48","BULKCARLOAD"
"4A","BOBBIN"
"4B","CAP"
"4C","CENTISTOKES"
"4E","TWENTYPACK"
"4G","MICROLITRE"
"4H","MICROMETRE(MICRON)"
"4K","MILLIAMPERE"
"4L","MEGABYTE"
"4M","MILLIGRAMPERHOUR"
"4N","MEGABECQUEREL"
"4O","MICROFARAD"
"4P","NEWTONPERMETRE"
"4Q","OUNCEINCHE"
"4R","OUNCEFOOT"
"4T","PICOFARAD"
"4U","PUNDPERHOUR"
"4W","TON(US)PERHOUR"
"4X","KILOLITREPERHOUR"
"53","THEORETICALKILOGRAMS"
"54","THEORETICALTONNE"
"56","SITAS"
"57","MESH58NETKILOGRAM"
"59","PARTPERMILLION"
"5A","BARREL(US)PERMINUTE"
"5B","BATCH"
"5C","GALLON(US)PERTHOUSAND"
"5E","MMSCF/DAY"
"5F","POUNDSPERTHOUSAND"
"5G","PUMP"
"5H","STAGE"
"5I","STANDARDCUBICFOOT"
"5J","HYDRAULICHORSEPOWER"
"5K","COUNTPERMINUTE"
"5P","SEISMICLEVEL"
"5Q","SEISMICLINE"
"60","PERCENWEIGHT"
"61","PARTPERBILLION(US)"
"62","PERCENTPER1000HOUR"
"63","FAILURERATEINTIME"
"64","POUNDPERSQUAREINCH,GAUGE"
"66","OERSTED"
"69","TESTSPECIFICSCALE"
"71","VOLTAMPEREPERPUND"
"72","WATTPERPOUND"
"73","AMPERETUMPERCENTIMETRE"
"74","MILLIPASCAL"
"76","GAUSS"
"77","MILLI-INCH"
"78","KILOGAUSS"
"80","POUNDSPERSAUQREINCHEABSOULTE"
"81","HENRY"
"84","KILOPOUNDPERSQUAREINCH"
"85","FOOTPOUND-FORCE"
"87","POUNDPERCUBICFOOT"
"89","POISE"
"90","SAYBOLDUNIVERSALSECOND"
"91","STOKES"
"92","CALORIEPERCUBICCENTIMETRE"
"93","CALORIEPERGRAM"
"94","CURLUNIT"
"95","TWENTYTHOUSANDGALLON(US)TANKCAR"
"96","TENTHOUSANDGALLON(US)TANKCAR"
"97","TENKGDRUM"
"98","FIFTEENKGDRUM"
"A1","15°CCALORIE"
"A10","AMPERESQUAREMETREPERJOULESECOND"
"A11","ANGSTROM"
"A12","ASTRONOMICALUNIT"
"A13","ATTOJOULE"
"A14","BARN"
"A15","BARNPERELECTRONVOLT"
"A16","BARNPERSTERADIANELECTRONVOLT"
"A17","BARNPERSTERADIANA18BECQUERELPERKILOGRAM"
"A19","BECQUERELPERMETRECUBED"
"A2","AMPEREPERCENTIMETRE"
"A20","BRITISHTHERMALUNITPERSECONDSQUAREFOOTDEGREERANKIN"
"A21","BRITISHTHERMALUNITPERPOUNDDEGREERANKIN"
"A22","BRITISHTHERMALUNITPERSECONDFOOTDEGREERANKIN"
"A23","BRITHISTHERMALUNITPERHOURSQUAREFOOTDEGREERANKIN"
"A24","CANDELAPERSQUAREMETRE"
"A25","CHEVALVAPEUR"
"A26","COULOMBMETRE"
"A27","COULOMBMETRESQUAREDPERVOLT"
"A28","COULOMBPERCUBICCENTIMETRE"
"A29","COULOMBPERCUBICMETRE"
"A3","AMPEREPERMILLIMETRE"
"A30","COULOMBPERCUBICMILLIMETRE"
"A31","COULOMBPERKILOGRAMSECOND"
"A32","COULOMBPERMOLE"
"A33","COULOMBPERSQUARECENTIMETRE"
"A34","COULOMBPERSQUAREMETRE"
"A35","COULOMBPERSQUAREMILLIMETRE"
"A36","CUBICCENTIMETREPERMOLE"
"A37","CUBICDECIMETREPERMOLE"
"A38","CUBICMETREPERCOULOMB"
"A39","CUBICMETREPERKILOGRAM"
"A4","AMPEREPERSQURECENTRIMETRE"
"A40","CUBICMETREPERMOLE"
"A41","AMPEREPERSQUAREMETRE"
"A42","CURIEPERKILOGRAM"
"A43","DEADWEIGHTTONNAGE"
"A44","DECALITRE"
"A45","DECAMETRE"
"A47","DECITEX"
"A48","DEGREERANKIN"
"A49","DENIER"
"A5","AMPERESQUAREMETRE"
"A50","DYNESECONDPERCUBICCENTIMETRE"
"A51","DYNESECONDPERCENTIMETRE"
"A52","DYNESECONDPERCENTIMETRETOTHEFIFTHPOWER"
"A53","ELECTRONVOLT"
"A54","ELECTRONVOLTPERMETRE"
"A55","ELECTRONVOLTSQUAREMETRE"
"A56","ELECTRONVOLTSQUAREMETREPERKILOGRAM"
"A57","ERG"
"A58","ERGPERCENTIMETRE"
"A59","8-PARTCLOUDCOVER"
"A6","AMPEREPERSQUAREMETREKELVINSQUARED"
"A60","ERGPERCUBICCENTIMETRE"
"A61","ERGPERGRAM"
"A62","ERGPERGRAMSECOND"
"A63","ERGPERSECOND"
"A64","ERGPERSECONDSQUARECENTIMETRE"
"A65","ERGPERSQUARECENTIMETRESECONDA66ERGSQUARECENTIMETRE"
"A67","ERGSQTUARECENTIMETREPERGRAM"
"A68","EXAJOULE"
"A69","FARADPERMETRE"
"A7","AMPEREPERSQUAREMILLIMETRE"
"A70","FEMTOJOULE"
"A71","FEMTOMETRE"
"A73","FOOTPERSECONDSQUARED"
"A74","FOOTPOUND-FORCEPERSECOND"
"A75","FREIGHTTON"
"A76","GALLON(US)PERTHOUSAND"
"A77","GAUSSIANCGSUNITOFDISPLACEMENT"
"A78","GAUSSIANCGSUNITOFELECTRICCURRENT"
"A79","GAUSSIANCGSUNITOFELECTRICCHARGE"
"A8","AMPERESECOND"
"A80","GAUSSIANCGSUNITOFELECTRICFIELDSTRENGHT"
"A81","GAUSSIANCGSUNITOFELECTRICPOLARIZATION"
"A82","GAUSSIANCGSUNITOFELECTRICPOTENCIAL"
"A83","GAUSSIANCGSUNITOFMAGNETIZATION"
"A84","GIGACOULOMBPERCUBICMETRE"
"A85","GIGAELECTRONVOLT"
"A86","GIGAHERTZ"
"A87","GIGAOHM"
"A88","GIGAOHMMETRE"
"A89","GIGAPASCAL"
"A9","RATE"
"A90","GIGAWATT"
"A91","GON"
"A92","GRADE"
"A93","GRAMPERCUBICMETRE"
"A94","GRAMPERMOLE"
"A95","GRAY"
"A96","GRAYPERSECOND"
"A97","HECTOPASCAL"
"A98","HENRYPERMETRE"
"A99","BIT"
"AA","BALL"
"AB","BULKPACK"
"ACR","ACRE"
"ACT","ACTIVITY"
"AD","BYTE"
"AE","AMPEREPERMETRE"
"AH","ADDITIONALMINUTE"
"AI","AVERAGEMINUTEPERCALL"
"AJ","COP"
"AK","FATHOM"
"AL","ACCESSLINE"
"AM","AMPOULE"
"AMH","APEREHOUR"
"AMP","AMPERE"
"ANN","YEAR"
"AP","ALUMINUMPOUNDONLYAPZTROYOUNCEOTAPOTHECARYOUNCE"
"AQ","ANTI-HEMOPHILICFACTOR(AHF)UNIT"
"AR","SUPPOSITORY"
"ARE","ARE"
"AS","ASSORTMENT"
"ASM","ALCOHOLICSTRENGHTBYMASS"
"ASU","ALCOHOLICSTRENGHTBYVOLUME"
"ATM","STANDARDATMOSPHERE"
"ATT","TECHNICALATMOSPHERE"
"AV","CAPSULE"
"AW","POWDERFILLEDVIAL"
"AY","ASSEMBLY"
"AZ","BRITHISTHERMALUNITPERPOUND"
"B0","BTUPERCUBICFOOT"
"B1","BARREL(US)PERDAY"
"B10","BITPERSECOND"
"B11","JOULEPERKILOGRAMKELVIN"
"B12","JOULEPERMETRE"
"B13","JOULEPERMETRESQUARED"
"B13_1","JOULEPERSQUAREMETRE"
"B14","JOULEPERMETRETOTHEFOURTHPOWER"
"B15","JOULEPERMOLE"
"B16","JOULEPERMOLEKELVIN"
"B17","CREDIT"
"B18","JOULESECOND"
"B19","DIGIT"
"B2","BUNK"
"B20","JOULESQUAREMETREPERKILOGRAM"
"B21","KELVINPERWATT"
"B22","KILOAMPERE"
"B23","KILOAMPEREPERSQUAREMETRE"
"B24","KILOAMPEREPERMETRE"
"B25","KILOBECQUERELPERKILOGRAM"
"B26","KILOCOULOMB"
"B27","KILOCOULOMBPERCUBICMETRE"
"B28","KILOCOULOMBPERSQUAREMETRE"
"B29","KILOELECTRONVOLT"
"B3","BATTINPOUND"
"B30","GIDIBIT"
"B31","KILOGRAMMETREPERSECOND"
"B32","KILOGRAMMETRESQUARED"
"B33","KILOGRAMMETRESQUAREDPERSECOND"
"B34","KILOGRAMPERCUBICDECIMETRE"
"B35","KILOGRAMPERLITRE"
"B35_1","KILOGRAMPERLITREOFPRODUCT"
"B36","THERMOCHEMICALCALORIEPERGRAM"
"B37","KILOGRAM-FORCE"
"B38","KILOGRAM-FORCEMETRE"
"B39","KILOGRAM-FORCEMETREPERSECOND"
"B4","BARREL,IMPERIAL"
"B40","KILOGRAM-FORCEPERSQUAREMETRE"
"B41","KILOJOULEPERKELVINB42KILOJOULEPERKILOGRAM"
"B43","KILOJOULEPERKILOGRAMKELVIN"
"B44","KILOJOULEPERMOLE"
"B45","KILOMOLE"
"B46","KILOMOLEPERCUBICMETRE"
"B47","KILONEWTON"
"B48","KILONEWTONMETRE"
"B49","KILOOHM"
"B5","BILLET"
"B50","KILOOHMMETRE"
"B51","KILOPOND"
"B52","KILOSECOND"
"B53","KILOSIEMENS"
"B54","KILOSIEMENSPERMETRE"
"B55","KILOVOLTPERMETRE"
"B56","KILOWEBERPERMETRE"
"B57","LIGHTYEAR"
"B58","LITREPERMOLE"
"B59","LUMENHOUR"
"B6","BUNK"
"B60","LUMENPERSQUAREMETRE"
"B61","LUMENPERWATT"
"B62","LUMENSECOND"
"B63","LUXHOUR"
"B64","LUXSECOND"
"B65","MAXWELL"
"B66","MEGAAMPEREPERSQUAREMETRE"
"B67","MEGABECQUERELPERKILOGRAM"
"B68","GIGABIT"
"B69","MEGACOULOMBPERCUBICMETRE"
"B7","CYCLE"
"B70","MEGACOULOMBPERSQUAREMETRE"
"B71","MEGAELECTRONVOLT"
"B72","MEGAGRAMPERCUBICMETRE"
"B73","MEGANEWTON"
"B74","MEGANEWTONMETRE"
"B75","MEGAOHM"
"B76","MEGAOHMMETRE"
"B77","MEGASIEMENSPERMETRE"
"B78","MEGAVOLT"
"B79","MEGAVOLTPERMETRE"
"B8","JOULEPERCUBICMETRE"
"B80","GIGABITPERSECOND"
"B81","RECIPROCALMETRESQUAREDRECIPROCALSECOND"
"B82","INCHEPERLINEARFOOT"
"B83","METRETOTHEFOURTHPOWER"
"B84","MICROAMPERE"
"B85","MICROBAR"
"B86","MICROCOULOMB"
"B87","MICROCOULOMBPERCUBICMETRE"
"B88","MICROCOULOMBPERSQUAREMETRE"
"B89","MICROFARADPERMETREB9BATTINPOUND"
"B90","MICROHENRY"
"B91","MICROHENRYPERMETRE"
"B92","MICRONEWTON"
"B93","MICRONEWTONMETRE"
"B94","MIOCROOHM"
"B95","MICROOHMMETRE"
"B96","MICROPASCAL"
"B97","MICRORADIAN"
"B98","MICROSECOND"
"B99","MICROSIEMENS"
"BAR","BAR[UNITOFPRESSURE]"
"BB","BASEBOX"
"BD","BOARD"
"BE","BUNDLE"
"BFT","BOARDFOOT"
"BG","BAG"
"BH","BRUSH"
"BHP","BRAKEHORSEPOWER"
"BIL_E","BILLION(EUR)"
"BIL_U","TRILLION(US)"
"BJ","BUCKET"
"BK","BASKET"
"BL","BALE"
"BLD","DRYBARREL(S)"
"BLL","BARREL(US)"
"BO","BOTTLE"
"BP","HUNDREDBOARDFEET"
"BQL","BECQUEREL"
"BR","BAR[UNITOFPACKAGING]"
"BT","BOLT"
"BTU","BRITISHTHERMALUNIT"
"BUA","BUSHEL(US)"
"BUI","BUSHEL(UK)"
"BW","BASEWEIGHT"
"BX","BOX"
"BZ","MILLIONBTUS"
"C0","CALL"
"C1","COMPOSITEPRODUCTPOUND(TOTALWEIGHT)"
"C10","MILLIFARAD"
"C10_1","MILLIVOLTPERMETRE"
"C11","MILLIGAL"
"C12","MILLIGRAMPERMETRE"
"C13","MILLIGRAY"
"C14","MILLIHENRY"
"C15","MILLIJOULE"
"C16","MILLIMETREPERSECOND"
"C17","MILLIMETRESQUAREDPERSECOND"
"C18","MILLIMOLE"
"C19","MOLEPERKILOGRAM"
"C2","CARSET"
"C20","MILLNEWTONC21KIBIBIT"
"C22","MILLINEWTONPERMETRE"
"C23","MILLIOHMMETRE"
"C24","MILLIPASCALSECOND"
"C25","MILLIRADIAN"
"C26","MILLISECOND"
"C27","MILLISIEMENS"
"C28","MILLISIEVERT"
"C29","MILLITESLA"
"C3","MICROVOLTPERMETRE"
"C31","MILLIWATT"
"C32","MILLIWATTPERSQUAREMETRE"
"C33","MILLIWEBER"
"C34","MOLE"
"C35","MOLEPERCUBICDECIMETRE"
"C36","MOLEPERCUBICMETRE"
"C37","KILOBIT"
"C38","MOLEPERLITRE"
"C39","NANOAMPERE"
"C4","CARLOAD"
"C40","NANOCOULOMB"
"C41","NANOFARAD"
"C42","NANOFARADPERMETRE"
"C43","NANOHENRY"
"C44","NANOHENRYPERMETRE"
"C45","NANOMETRE"
"C46","NANOOHMMETRE"
"C47","NANOSECOND"
"C48","NANOTESLA"
"C49","NANOWATT"
"C5","COST"
"C50","NEPER"
"C51","NEPERPERSECOND"
"C52","PICOMETRE"
"C53","NEWTONMETRESECOND"
"C54","NEWTONMETRESQUAREDKILOGRAMSQUARED"
"C55","NEWTONPERSQUAREMETRE"
"C56","NEWTONPERSQUAREMILLIMETRE"
"C57","NEWTONSECOND"
"C58","NEWTONSECONDPERMETRE"
"C59","OCTAVE"
"C6","CELL"
"C60","OHMCENTIMETRE"
"C61","OHMMETRE"
"C62","ONE"
"C62_1","PIECE"
"C62_2","UNIT"
"C63","PARSEC"
"C64","PASCALPERKELVIN"
"C65","PASCALPERSECOND"
"C66","PASCALSECONDPERCUBICMETRE"
"C67","PASCALSECONDPERMETREC68PETAJOULE"
"C69","PHON"
"C7","CENTIPOISE"
"C70","PICOAMPERE"
"C71","PICOCOULOMB"
"C72","PICOFARADPERMETRE"
"C73","PICOHENRY"
"C74","KILOBITPERSECOND"
"C75","PICOWATT"
"C76","PICOWATTPERSQUAREMETRE"
"C77","PUNDPAGE"
"C78","PUND-FORCE"
"C79","KILOVOLTAMPEREHOUR"
"C8","MILLICOULOMBPERKILOGRAM"
"C80","RAD"
"C81","RADIAN"
"C82","RADIANSQUAREMETREPERMOLE"
"C83","RADIANSQUAREMETREPERKILOGRAM"
"C84","RADIANPERMETRE"
"C85","RECIPROCALANGSTROM"
"C86","RECIPROCALCUBICMETRE"
"C87","RECIPROCALCUBICMETREPERSECOND"
"C88","RECIPROCALELECTRONVOLTPERCUBICMETRE"
"C89","RECIPROCALHENRY"
"C9","COILGROUP"
"C90","RECIPROCALJOULEPERCUBICMETRE"
"C91","RECIPROCALKELVINORKELVINTOTHEPOWERMINUSONE"
"C92","RECIPROCALMETRE"
"C93","RECIPROCALMETRESQUARED"
"C93_1","RECIPROCALSQUAREDMETRE"
"C94","RECIPROCALMINUTE"
"C95","RECIPROCALMOLE"
"C96","RECIPROCALPASCALORPASCALTOTHEPOWERMINUSONE"
"C97","RECIPROCALSECOND"
"C98","RECIPROCALSECONDPERCUBICMETRE"
"C99","RECIPROCALSECONDPERMETRESQUARED"
"CA","CAN"
"CCT","CARRYINGCAPACITYINMETRICTON"
"CDL","CANDELA"
"CEL","DEGREECELSIUS"
"CEN","HUNDRED"
"CG","CARD"
"CGM","CENTIGRAM"
"CH","CONTAINER"
"CJ","CONE"
"CK","CONNECTOR"
"CKG","COULOMBPERKILOGRAM"
"CL","COIL"
"CLF","HUNDREDLEAVE"
"CLT","CENTILITRE"
"CMK","SQUARECENTIMETRE"
"CMQ","CUBICCENTRIMETRECMTCENTIMETRE"
"CNP","HUNDREDPACK"
"CNT","CENTAL(UK)"
"CO","CARBOY"
"COU","COULOMB"
"CQ","CARTRIDGE"
"CR","CRATE"
"CS","CASE"
"CT","CARTON"
"CTG","CONTENTGRAM"
"CTM","METRICCARAT"
"CTN","CONTENTTON(METRIC)"
"CU","CUP"
"CUR","CURIE"
"CV","COVER"
"CWA","HUNDREDPOUNDS(CWT)/HUNDREDWEIGHT(US)"
"CWI","HUNDREDWEIGHT(UK)"
"CY","CYLINDER"
"CZ","COMBO"
"D03","KILOWATTHOURPERHOUR"
"D04","LOT[UNITOFWEIGHT]"
"D1","RECIPROCALSECONDPERSTERADIAN"
"D10","SIEMENSPERMETRE"
"D11","MEBIBIT"
"D12","SIEMENSSQUAREMETREPERMOLE"
"D13","SIEVERT"
"D14","THOUSANDLINEARYARD"
"D15","SONE"
"D16","SQUARECENTIMETREPERERG"
"D17","SQUARECENTIMETREPERSTERADIANERG"
"D18","METREKELVIN"
"D19","SQUAREMETREKELVINPERWATT"
"D2","RECIPROCALSECONDPERSTERADIANMETRESQUARED"
"D20","SQUAREMETREPERJOULE"
"D21","SQUAREMETREPERKILOGRAM"
"D22","SQUAREMETREPERMOLE"
"D23","PENGRAM(PROTEIN)"
"D24","SQUAREMETREPERSTERADIAN"
"D25","SQUAREMETREPERSTERADIANJOULE"
"D26","SQUAREMETREPERVOLTSECOND"
"D27","STERADIAN"
"D28","SYPHON"
"D29","TERAHERTZ"
"D30","TERAJOULE"
"D31","TERAWATT"
"D32","TERAWATTHOUR"
"D33","TESLA"
"D34","TEX"
"D35","THERMOCHEMICALCALORIE"
"D36","MEGABIT"
"D37","THERMOCHEMICALCALORIEPERGRAMKELVIN"
"D38","THERMOCHEMICALCALORIEPERSECONDCENTIMETREKELVIND39T"
"D40","THOUSANDLITRE"
"D41","TONNEPERCUBICMETRE"
"D42","TROPICALYEAR"
"D43","UNIFIEDATOMICMASSUNIT"
"D44","VAR"
"D45","VOLTSQUAREDPERKELVINSQUARED"
"D46","VOLT-AMPERE"
"D47","VOLTPERCENTIMETRE"
"D48","VOLTPERKELVIN"
"D49","MILIVOLTPERKELVIN"
"D5","KILOGRAMPERSQUARECENTIMETRE"
"D50","VOLTPERMETRE"
"D51","VOLTPERMILLIMETRE"
"D52","WATTPERKELVIN"
"D53","WATPERMETREKELVIN"
"D54","WATTPERSQUAREMETRE"
"D55","WATTPERSQUAREMETREKELVIN"
"D56","WATTPERSQUAREMETREKELVINTOTHEFOURTHPOWER"
"D57","WATTPERSTERADIAN"
"D58","WATTPERSTERADIANSQUAREMETRE"
"D59","WEBERPERMETRE"
"D6","ROENTGENPERSECOND"
"D60","WEBERPERMILLIMETRE"
"D61","MINUTE[UNITOFANGLE]"
"D62","SECOND[UNITOFANGLE]"
"D63","BOOK"
"D64","BLOCK"
"D65","ROUND"
"D66","CASSETTE"
"D67","DOLLARPERHOUR"
"D68","NUMBEROFWORDS"
"D69","INCHTOTHEFOURTHPOWER"
"D7","SANDWICH"
"D70","INTERNATIONALTABLE(IT)CALORIE)"
"D71","INTERNATIONALTABLE(IT)CALORIEPERSECONDCENTIMETREKE"
"D72","INTERNATIONALTABLE(IT)CALORIEPERSECONDSQUARECENTIM"
"D73","JOULESQUAREMETREPERKILOGRAM"
"D74","KILOGRAMPERMOLE"
"D75","INTERNATIONALTABLE(IT)CALORIEPERGRAM"
"D76","INTERNATIONALTABLE(IT)CALORIEPERGRAMKELVIN"
"D77","MEGACOULOMB"
"D78","MEGAJOULEPERSECOND"
"D79","BEAM"
"D8","DRAIZESCORE"
"D80","MICROWATT"
"D81","MICROTESLA"
"D82","MICROVOLTPERMETRE"
"D83","MILLINEWTONMETRE"
"D85","MICROWATTPERSQUAREMETRE"
"D86","MILLICOULOMBPERKILOGRAM"
"D87","MILLIMOLEPERKILOGRAMD88MILLICOULOMBPERCUBICMETRE"
"D89","MILLICOULOMBPERSQUAREMETRE"
"D9","DYNEPERSQUARECENTIMETRE"
"D90","CUBICMETRE(NET"
"D91","REM"
"D92","BAND"
"D93","SECONDPERCUBICMETRE"
"D94","SECONDPERRADIANCUBICMETRE"
"D95","JOULEPERGRAM"
"D96","POUNDGROSS"
"D97","PALLET/UNITLOAD"
"D98","MASSPOUND"
"D99","SLEEVE"
"DAA","DECARE"
"DAD","TENDAY"
"DAY","DAY"
"DB","DRYPOUND"
"DC","DISK(DISC)"
"DD","DEGREECELSIUSHUNDRED"
"DD_1","DEGREE[UNITOFANGLE]"
"DE","DEAL"
"DEC","DECADE"
"DG","DECIGRAM"
"DI","DISPENSE"
"DJ","DECAGRAM"
"DKW","KILOGRAMDRAINEDNETWEIGHT"
"DLT","DECILITRE"
"DMK","SQUAREDECIMETRE"
"DMO","STANDARDKILOLITRE"
"DMQ","CUBICDECIMETREPERMOLE"
"DMT","DECIMETRE"
"DN","DECINEWTONMETRE"
"DPC","DOZENPIECE"
"DPR","DOZENPAIR"
"DPT","DISPLACEMENTTONNAGE"
"DQ","DATARECORD"
"DR","DRUM"
"DRA","DRAM(US)"
"DRI","DRAM(UK)"
"DRL","DOZENROLL"
"DRM","DRACHM(UK)"
"DS","DISPLAY"
"DT","DRYTON"
"DTN","CENTNER,METRIC100KG"
"DTN_1","DECITONNE"
"DTN_2","QUINTAL,METRIC100KG"
"DU","DYNE"
"DWT","PENNYWEIGHT"
"DX","DYNEPERCENTIMETRE"
"DY","DIRECTORYBOOK"
"DZN","DOZEN"
"DZP","DOZENPACKE01NEWTONPERSQUARECENTIMETRE"
"E07","MEGAWATTHOURPERHOUR"
"E08","MEGAWATTPERHERTZ"
"E09","MILLIAMPEREHOUR"
"E10","DEGREEDAYS"
"E11","GIGACALORIE"
"E12","MILLE"
"E14","KILOCALORIE(IT)"
"E15","KILOCALORIE(TH)PERHOUR"
"E16","MILLIONBTU(IT)PERHOUR"
"E17","CUBICFOOTPERSECOND"
"E18","TONNEPERHOUR"
"E19","PING"
"E2","BELT"
"E20","MEGABITPERSECOND"
"E21","SHARES"
"E22","TEU"
"E23","TYRE"
"E25","ACTIVEUNIT"
"E27","DOSE"
"E28","AIRDRYTON"
"E3","TRAILER"
"E30","STRAND"
"E31","SQUAREMETREPERLITRE"
"E32","LITREPERHOUR"
"E33","FOOTPERTHOUSAND"
"E34","GIGABYTE"
"E35","TERABYTE"
"E36","PETABYTE"
"E37","PIXEL"
"E38","MEGAPIXEL"
"E39","DOTSPERINCH"
"E4","GROSSKILOGRAM"
"E40","PARTPERHUNDREDTHOUSAND"
"E41","KILOGRAMFORCEPERSQUAREMILLIMETRE"
"E42","KILOGRAMFORCEPERSQUARECENTIMETRE"
"E43","JOULEPERSQUARECENTIMETRE"
"E44","KILOGRAM-FORCEMETREPERSQUARECENTIMETRE"
"E5","METRICLONGTON"
"EA","EACH"
"EB","ELECTRONICAMAILBOX"
"EC","EACHPERMONTH"
"EP","ELEVENPACK"
"EQ","EQUIVALENGALLON"
"EV","ENVELOPE"
"F1","THOUSANDCUBICFEETPERDAY"
"F9","FIBREPERCUBICCENTIMETREOFAIR"
"FAH","DEGREEFAHRENHEIT"
"FAR","FARAD"
"FB","FIELD"
"FBM","FIBREMETRE"
"FC","THOUSANDCUBICFEETFDMILLIONPARTICLEPERCUBICFOOT"
"FE","TRACKFOOT"
"FF","HUNDREDCUBICMETRE"
"FG","TRANSDERMALPATCH"
"FH","MICROMOLE"
"FL","FLAKETON"
"FM","MILLIONCUBICFEET"
"FOT","FOOTPERTHOUSAND"
"FP","POUNDPERSQUAREFOOT"
"FR","FOOTPERMINUTE"
"FS","FOOTPERSECONDSQUARED"
"FTK","SQUAREFOOT"
"FTQ","CUBICFOOT"
"G2","USGALLONPERMINUTE"
"G3","IMPERIALGALLONPERMINUTE"
"G7","MICROFICHESHEET"
"GB","GALLON(US)PERDAY"
"GBQ","GIGABECQUEREL"
"GC","GRAMPER100GRAM"
"GD","GROSSBARREL"
"GDW","GRAM,DRYWEIGHT"
"GE","POUNDPERGALLON(US)"
"GF","GRAMPERMETRE(GRAMPER100CENTIMETRES"
"GFI","GRAMOFFISSILEISOTOPE"
"GGR","GREATGROSS"
"GH","HALFGALLON"
"GIA","GILL"
"GIC","GRAM,INCLUDINGCONTAINER"
"GII","GILL(UK)"
"GIP","GRAM,INCLUDINGINNERPACKAGING"
"GJ","GRAMPERMILLILITRE"
"GK","GRAMPERKILOGRAM"
"GL","GRAMPERLITRE"
"GLD","DRYGALLON(S)"
"GLI","GALLON(UK)"
"GLL","GALLON(US)"
"GM","GRAMPERSQUAREMETRE"
"GN","GROSSGALLON"
"GO","MILLIGRAMSPERSQUAREMETRE"
"GP","MILLIGRAMSPERCUBICMETRE"
"GQ","MICROGRAMPERCUBICMETRE"
"GRM","GRAM"
"GRN","GRAIN"
"GRO","GROSS"
"GRT","GROSSREGISTERTON"
"GT","GROSSTON"
"GT_1","METRICGROSSTON"
"GV","GIGAJOULE"
"GW","GALLONPERTHOUSANDCUBICFEET"
"GWH","GIGAWATTHOUR"
"GY","GROSSYARD"
"GZ","GAGE-SYSTEMH1HALFPAGE-ELECTRONIC"
"H2","HALFLITR"
"HA","HANK"
"HAR","HECARE"
"HBA","HECTOBAR"
"HBX","HUNDREDBOXES"
"HC","HUNDREDCOUNT"
"HD","HALFDOZEN"
"HDW","HUNDREDKILOGRAM,DRYWIEIGHT"
"HE","HUNDREDTHOFACARAT"
"HF","HUNDREDFEET"
"HGM","HECTOGRAM"
"HH","HUNDREDCUBICFEET"
"HI","HUNDREDSHEET"
"HIU","HUNDREDINTERNATIONALUNIT"
"HJ","METRICHORSEPOWER"
"HK","HUNDREDKILOGRAM,DRYWIEIGHT"
"HKM","HUNDREDKILOGRAM,NETMASS"
"HL","HUNDREDFEET(LINEAR)"
"HLT","HECTOLITRE"
"HM","MILEPERHOUR"
"HMQ","MILLIONCUBICMETRE"
"HMT","HECTOMETRE"
"HN","CONVENTIONALMILLIMETREOFMERCURY"
"HO","HUNDREDTROYOUNCE"
"HP","CONVENTIONALMILLIMETREOFWATER"
"HPA","HECTOLITREOFPUREALCOHOL"
"HS","HUNDREDSQUAREFEET"
"HT","HALFHOUR"
"HTZ","HERTZ"
"HUR","HOUR"
"HY","HUNDREDYARD"
"IA","INCHEPOUND(POUNDINCH)"
"IC","COUNTPERINCHE"
"IE","PERSON"
"IF","INCHESOFWATER"
"II","COLUMNINCH"
"IL","INCHEPERMINUTE"
"IM","IMPRESSIONINCH"
"INH","INCH"
"INK","SQUAREINCH"
"INQ","CUBICINCH"
"INQ_1","INCHCUBED"
"IP","INSURANCEPOLICY"
"ISD","INTERNATIONALSUGARDEGREE"
"IT","COUNTPERCENTIMETRE"
"IU","INCHEPERSECOND"
"IU_1","INCHPERSECOND(VIBRATION)"
"IV","INCHPERSECONDSQUARED"
"IV","INCHPERSECONDSQUARED(ACCELERATION)"
"J2","JOULEPERKILOGRAM"
"JB","JUMBOJEJOULEPERKELVIN"
"JG","JUG"
"JK","MEGAJOULEPERKILOGRAM"
"JM","MEGAJOULEPERCUBICMETRE"
"JO","JOINT"
"JOU","JOULE"
"JPS","HUNDREDMETRE"
"JR","JAR"
"JWL","NUMBEROFJEWELS"
"K1","KILOWATTDEMAND"
"K2","KILOVOLTAMPEREREACTIVEDEMAND"
"K3","KILOVOLTAMPEREREACTIVEHOUR"
"K5","KILOVOLTAMPERE(REACTIVE)"
"K6","KILOLITRE"
"KA","CAKE"
"KB","KILOCHARACTER"
"KBA","KILOBAR"
"KCC","KILOGRAMOFCHOLINECHLORIDE"
"KD","KILOGRAMDECIMAL"
"KEL","KELVIN"
"KF","KILOPACKET"
"KG","KEG"
"KGM","KILOGRAM"
"KGS","KILOGRAMPERSECOND"
"KHY","KILOGRAMOFHYDROGENPEROXIDE"
"KHZ","KILOHERTZ"
"KI","KILOGRAMPERMILLIMETREWIDHT"
"KIC","KILOGRAM,INCLUDINGCONTAINER"
"KIP","KILOGRAM,INCLUDINGINNERPACKAGING"
"KJ","KILOSEGMENT"
"KJO","KILOJOULE"
"KL","KILOGRAMPERMETRE"
"KLK","LACTICDRYMATERIALPERCENTAGE"
"KMA","KILOGRAMOFMETHYLAMINE"
"KMH","KILOMETREPERHOUR"
"KMK","SQUAREKILOMETRE"
"KMQ","KILOGRAMPERCUBICMETRE"
"KMT","KILOMETREPERHOUR"
"KNI","KILOGRAMOFNITROGEN"
"KNS","KILOGRAMNAMEDSUBSTANCE"
"KNT","KNOT"
"KO","MILLIEQUIVALENCECAUSTICPOTASHPERGRAMOFPRODUCT"
"KPA","KILOPASCAL"
"KPH","KILOGRAMOFPOTASSIUMHYDROXIDE(CAUSTICPOTASH)"
"KPO","KILOGRAMOFPOTASSIUMOXIDE"
"KPP","KILOGRAMOFPHOSPHORUSPENTOXIDE(PHOSPHORICANHYDRIDE)"
"KR","KILOROENTGEN"
"KS","THOUSANDPOUNDPERSQUAREINCH"
"KSD","KILOGRAMOFSUBSTANCE0.9DRY"
"KSH","KILOGRAMOFSODIUMHYDROXIDE(CAUSTICSODA)"
"KT","KIT"
"KTM","KILOMETREPERHOURKTNKILOTONNE"
"KUR","KILOGRAMOFURANIUM"
"KVA","KILOVOLT-AMPERE"
"KVR","KILOVAR"
"KVT","KILOVOLT"
"KW","KILOGRAMSPERMILLIMETRE"
"KWH","KILOWATTHOUR"
"KWO","KILOGRAMOFTUNGSTENTRIOXIDE"
"KWT","KILOWATT"
"KX","MILLILITREPERKILOGRAM"
"L2","LITREPERMINUTE"
"LA","POUNDPERCUBICINCH"
"LAC","LACTOSEEXCESSPERCENTAGE"
"LBR","POUND"
"LBR_1","POUNDDECIMAL"
"LBT","TROYPOUND(US)"
"LC","LINEARCENTIMETRE"
"LD","LITREPERDAY"
"LE","LITE"
"LEF","LEAF"
"LF","LINEARFOOT"
"LH","LABOURHOUR"
"LI","LINEARINCH"
"LJ","LARGESPRAY"
"LK","LINK"
"LM","LINEARMETRE"
"LN","LENGTH"
"LO","LOT[UNITOFPROCUREMENT]"
"LP","LIQUIDPOUND"
"LPA","LITREOFPUREALCOHOL"
"LR","LAYER"
"LS","LUMPSUM"
"LTN","TON(UK)ORLONGTON(US)"
"LTR","LITRE"
"LUB","METRICTON,LUBRICATINGOIL"
"LUM","LUMEN"
"LUX","LUX"
"LX","LINEARYARDPERPOUND"
"LY","LINARYARD"
"M1","MILLIGRAMPERLITRE"
"M4","MONETARYVALUE"
"M5","MICROCURIE"
"M7","MICRO-INCH"
"M9","MILLIONBTUPER1000CUBICFEET"
"MA","MACHINEPERUNIT"
"MAH","MEGAVOLTAMPEREREACTIVEHOURS"
"MAL","MEGALITRE"
"MAM","MEGAMETRE"
"MAR","MEVAVOLTAMPEREREACTIVE"
"MAW","MEGAWATT"
"MBE","THOUSANDSTANDARDBRICKEQUIVALENT"
"MBF","THOUSANDBOARDFEETMBRMILLIBAR"
"MC","MICROGRAM"
"MCU","MILLICURIE"
"MD","AIRDRYMETRICTONE"
"MF","MILLIGRAMPERSQUAREFOOTPERSIDE"
"MGM","MILLIGRAM"
"MHZ","MEGAHERTZ"
"MIK","SQUAREMILE"
"MIL","THOUSAND"
"MIN","MINUTE[UNITOFTIME]"
"MIO","MILLION"
"MIU","MILLIONINTERNATIONALUNIT"
"MK","MILLIGRAMPERSQUAREINCH"
"MLD","BILLION(US)"
"MLD_1","MILLIARD"
"MLT","MILLILITREPERKILOGRAM"
"MMK","SQUAREMILLIMETRE"
"MMQ","CUBICMILLIMETRE"
"MMT","MILLIMETRE"
"MND","KILOGRA,DRYWEIGHT"
"MO","MAGNETICTAPE"
"MON","MONTH"
"MPA","MEGAPASCAL"
"MQ","THOUSANDMETRE"
"MQH","CUNICMETREPERHOUR"
"MQS","CUBICMETREPERSECOND"
"MSK","METREPERSECONDSQUARED"
"MT","MAT"
"MTK","SQUAREMETRE"
"MTQ","CUBICMETRE"
"MTQ_1","METRECUBED"
"MTR","METRE"
"MTS","METREPERSECOND"
"MV","NUMBEROFMULTS"
"MVA","MEGAVOLT-AMPERE"
"MWH","MEGAWATTHOUR(1000KW.H)"
"N1","PENCALORIE"
"N2","NUMBEROFLINES"
"N3","PRINTPOINT"
"NA","MILLIGRAMPERKILOGRAM"
"NAR","NUMBEROFARTICLES"
"NB","BARGE"
"NBB","NUMBEROFBOBBINS"
"NC","CAR"
"NCL","NUMBEROFCELLS"
"ND","NETBARREL"
"NE","NETLITRE"
"NEW","NEWTONPERSQUARECENTIMETRE"
"NF","MESSAGE"
"NG","NETGALLON(US)"
"NH","MESSAGEHOUR"
"NI","NETIMPERIALGALLONNIUNUMBEROFINTERNATIONALUNITS"
"NJ","NUMBEROFSCREENS"
"NL","LOAD"
"NMI","NAUTICALMILE"
"NMP","NUMBEROFPACKS"
"NN","TRAIN"
"NPL","NUMBEROFPARCELS"
"NPR","NUMBEROFPAIRS"
"NPT","NUMBEROFPARTS"
"NQ","MHO"
"NR","MICROMHO"
"NRL","NUMBEROFROLLS"
"NT","METRICNETTON"
"NT_1","NETTON"
"NTT","NETREGISTERTON"
"NV","VEHICLE"
"NX","PARTPERTHOUSAND"
"NY","POUNDPERAIRDRYMETRICTON"
"OA","PANEL"
"ODE","OZONEDEPLETIONEQUIVALENT"
"OHM","OHM"
"ON","OUNCEPERSQUAREYARD"
"ONZ","OUNCEPERSQUAREYARD"
"OP","TWOPACK"
"OT","OVERTIMEHOUR"
"OZ","OUNCEAV"
"OZA","FLUIDOUNCE(US)"
"OZI","FLUIDOUNCE(UK)"
"P0","PAGE -ELECTRONIC"
"P1","PERCENT"
"P2","POUNDPERFOOT"
"P3","THREEPACK"
"P4","FOURPACK"
"P5","FIVEPACK"
"P6","SIXPACK"
"P7","SEVENPACK"
"P8","EIGHTPACK"
"P9","NINEPACK"
"PA","PACKET"
"PAL","PASCAL"
"PB","PAIRINCH"
"PD","PAD"
"PE","POUNDEQUIVALENT"
"PF","PALLET(LIFT)"
"PFL","PROOFLITRE"
"PG","PLATE"
"PGL","PROOFGALLON"
"PI","PITCH"
"PK","PACK"
"PK_1","PACKAGE"
"PLA","PAIL"
"PLA_1","DEGREEPLATOPMPOUNDPERCENTAGE"
"PN","POUNDNET"
"PO","POUNDPERINCHOFLENGTT"
"PQ","PAGEPERINCH"
"PR","PAIRINCH"
"PS","POUND-FORCEPERSQUAREINCH"
"PT","PINT(US)"
"PTD","DRYPINT(US)"
"PTI","PINT(UK)"
"PTL","LIQUIDPINT(US)"
"PU","TRAY/TRAYPACK"
"PV","HALFPINT(US)"
"PW","POUNDPERINCHOFWIDTH"
"PY","PECKDRY(US)"
"PZ","PECKDRY(UK)"
"Q3","MEAL"
"QA","PAGE-FACSIMILE"
"QAN","QUARTER(OFAYEAR)"
"QB","PAGE-HARDCOPY"
"QD","QUARTERDOZEN"
"QH","QUARTERHOUR"
"QK","QUARTESKILOGRAM"
"QR","QUIRE"
"QT","QUART(US)"
"QTD","DRYQUART(US)"
"QTI","QUART(UK)"
"QTL","LIQUIDQUART(US)"
"QTR","QUARTER(UK)"
"R1","PICA"
"R4","CALORIE"
"R9","THOUSANDCUBICMETRE"
"RA","RACK"
"RD","ROD"
"RG","RING"
"RH","RUNNINGOROPERATINGHOUR"
"RK","ROLLMETRICMEASURE"
"RL","REEL"
"RM","REAM"
"RN","REAMMETRICMEASURE"
"RO","ROLLMETRICMEASURE"
"RP","POUNDPERTEAM"
"RPM","REVOLUTIONSPERMINUTE"
"RPS","REVOLUTIONSPERSECOND"
"RS","RESET"
"RT","REVENUETONMILE"
"RU","RUN"
"S3","FOOTWQUAREPERSECOND"
"S3_1","SQUAREFOOTPERSECOND"
"S4","METRESQUAREDPERSECOND(SQUAREMETRES/SECONDSUS)"
"S4_1","SQUAREMETREPERSECONDSIXTYFOURTHSOFANINCH"
"S5","SIXTYFOURTHSOFANINCH"
"S6","SESSIONS7STORAGEUNIT"
"S8","STANDARDADVERTISINGUNIT"
"SA","SACK"
"SAN","HALFYEAR(6MONTHS)"
"SCO","SCORE"
"SCR","SCRUPLE"
"SD","SOLIDPOUND"
"SE","SECTION"
"SEC","SECOND[UNITOFTIME]"
"SET","SET"
"SG","SEGMENT"
"SHT","SHIPPINGTON"
"SIE","SIEMENS"
"SK","SPLITTANKTRUCK"
"SL","SLIPSHEET"
"SMI","MILE(STATUTEMILE)"
"SN","SQUAREROD"
"SO","SPOOL"
"SP","SHELFPACKAGE"
"SQ","SQUARE"
"SQR","SQUARE,ROOFING"
"SR","STRIP"
"SS","SHEETMETRICMEASURE"
"SST","SHORTSTANDARD(7200MATCHES)"
"ST","SHEET"
"STI","STONE(UK)"
"STK","STICK,CIGARETTE"
"STL","STANDARDLITRE"
"STN","NETTON(2000LB)"
"STN_1","TON(US)ORSHORTTON(UK/US)"
"SV","SKID"
"SW","SKEIN"
"SX","SHIPMENT"
"T0","TELECOMMUNICATIONLINESERVICE"
"T1","THOUSANDPOUNDGROSS"
"T3","THOUSANDPIECE"
"T4","THOUSANDBAG"
"T5","THOUSANDCASING"
"T6","THOUSANDGALLON(US)"
"T7","THOUSANDIMPRESSION"
"T8","THOUSANDLINEARINCH"
"TA","TENTHCUBICFOOT"
"TAH","KILOAMPEREHOUR(THOUSANDAMPEREHOUR"
"TC","TRUCKLOAD"
"TD","THERM"
"TE","TOTE"
"TF","TENSQUAREYARD"
"TI","THOUSANDSQUAREINCH"
"TIC","METRICTON,INCLUDINGCONTAINER"
"TIP","METRICTON,INCLUDINGINNERPACKAGING"
"TJ","THOUSANDSQUARECENTIMETRE"
"TK","TANK,RECTANGULARTLTHOUSANDFEET(LINEAR)"
"TMS","KILOGRAMOFIMPORTEDMETA,LESSOFFAL"
"TN","TIN"
"TNE","METRICTON"
"TNE_1","TONNE(METRICTON)"
"TP","TENPACK"
"TPR","TENPAIR"
"TQ","THOUSANDFEET"
"TQD","THOUSANDCUBICMETREPERDAY"
"TR","TENSQUAREFEET"
"TRL","TRILLION(EUR)"
"TS","TONNEOFSUBSTANCE0.9DRY"
"TSD","THOUSANDSQUAREFEET"
"TSH","TONOFSTEAMPERHOUR"
"TT","THOUSANDLINEARMETRE"
"TU","TUBE"
"TV","THOUSANDKILOGRAM"
"TW","THOUSANDSHEET"
"TY","TANK,CYLINDRICAL"
"U1","TRATMENT"
"U2","TABLET"
"UA","TORR"
"UB","TELECOMMUNICATIONLINEINSERVICEAVERAGE"
"UC","TELECOMMUNICATIONPORT"
"UD","TENTHMINUTE"
"UE","TENTHHOUR"
"UF","USAGEPERTELECOMMUNICATIONLINEAVERAGE"
"UH","TENTHOUSANDYARD"
"UM","MILLIONUNIT"
"UN","NEWTONMETRE"
"VA","VOLTAMPEREPERKILOGRAM"
"VI","VIAL"
"VLT","VOLT"
"VQ","BULK"
"VS","VISIT"
"W2","WETKILO"
"W4","TWOWEEK"
"WA","WATTPERKILOGRAM"
"WB","WETPOUND"
"WCD","CORD"
"WE","WETTON"
"WE_1","WRAP"
"WEB","WEBER"
"WEE","WEEK"
"WG","WINEGALLON"
"WH","WHEEL"
"WHR","WATTHOUR"
"WI","WEIGHTPERSQUAREINCH"
"WM","WORKINGMONTH"
"WSD","STANDARD"
"WTT","WATT"
"WW","MILLILITREOFWATERX1HCHAIN"
"YDK","SQUAREDYARD"
"YDQ","CUBICYARD"
"YL","HUNDREDLINEARYARD"
"YRD","YARD"
"YT","TENYARD"
"Z1","LIFTVAN"
"Z2","CHEST"
"Z3","CASK"
"Z4","HOGSHEAD"
"Z5","LUG"
"Z6","CONFERENCEPOINT"
"Z8","NEWSPAGEAGATELINE"
"ZP","PAGE"
"ZZ","MUATUALLYDEFINED"
